Rank,Industry,Sector,Relative Strength,Percentile,1 Month Ago,3 Months Ago,6 Months Ago,Tickers
1,Thermal Coal,Energy,154.89,99,99,99,99,"HNRG,CEIX,BTU,ARLP,ARCH,NRP,NC"
2,Oil & Gas Equipment & Services,Energy,133.02,99,98,94,84,"NINE,KLXE,TH,TUSK,TDW,HLX,FTI,WFRD,NEX,SLB,RCON,FET,OII,ENSV,OIS,VAL,TS,MRC,CHX,HAL,USAC,DNOW,NR,LBRT,GIFI,NOV,RES,WHD,MARPS,WTTR,NRT,CCLP,FTK,XPRO,AROC,NOA,BKR,DWSN,RNGR,NGS,SOI,PUMP,SDPI,TTI,SLCA,DRQ,CLB,PFIE,VTOL,SND,NESR,NCSM,GEOS,BOOM"
3,Oil & Gas Drilling,Energy,130.57,98,99,97,99,"BORR,PDS,HP,PTEN,RIG,NBR,ICD"
4,Oil & Gas Midstream,Energy,123.81,98,96,98,95,"TRMD,STNG,TNK,LPG,TNP,EURN,FLNG,FRO,DHT,GLP,ENLC,TK,GLOP,CQP,SGU,DCP,LNG,GLNG,ET,OSG,TRGP,VNOM,PAGP,AM,PAA,WMB,WES,OKE,DTM,NVGS,MPLX,HESM,SMLP,NS,KMI,MMP,CEQP,HEP,EPD,PBA,GPP,ENB,DKL,GEL,ETRN,TRP,MMLP,DLNG,BROG,SNMP"
5,Drug Manufacturersâ€”General,Healthcare,120.35,97,95,85,96,"AMGN,ABBV"
6,Utilitiesâ€”Diversified,Utilities,119.11,96,93,92,73,"AES,AESC,ALE"
7,Copper,Basic Materials,117.98,96,94,73,46,"TRQ,ERO,SCCO,FCX,HBM"
8,Drug Manufacturers—General,Healthcare,117.91,95,91,51,95,"HZNP,GILD,BIIB,MRK,LLY,AZN,BMY,NVS,PFE,JNJ,SNY,GSK,OGN,GRFS"
9,Oil & Gas Integrated,Energy,117.82,95,97,98,96,"YPF,TGS,XOM,AE,TTE,BP,CVX,E,EQNR,IMO,CVE,SLNG,SU,PBR,NFG,SSL,EC"
10,Resorts & Casinos,Consumer Cyclical,115.84,94,69,40,15,"MSC,MLCO,LVS,WYNN,MCRI,RRR,MTN,MGM,BYD,BVH,VAC,FLL,HGV,GDEN,PENN,CZR,PLYA,BALY,CNTY"
11,Airports & Air Services,Industrials,114.81,93,95,95,79,"CAAP,AER,OMAB,ASR,AAWW,PAC,ASLE,BLDE"
12,Oil & Gas Refining & Marketing,Energy,114.23,93,96,96,98,"PBF,BPT,PARR,CVI,MPC,VLO,PSX,DK,SUN,CAPL,INT,VVV,REX,CLNE,UGP,VTNR,CSAN,NGL,AMTX"
13,Oil & Gas E&P,Energy,113.11,92,98,99,97,"MTR,TPL,PBT,VIST,SJT,CRT,SBR,VOC,MVO,BSM,MNRL,HES,AMPY,REPX,OXY,CHK,ERF,PHX,APA,MRO,NOG,DMLP,MUR,TALO,COP,PVL,AR,CRK,DEN,SD,EQT,EOG,WTI,MTDR,DVN,OVV,FANG,HUSA,CNQ,EPSN,GPRK,CPG,EPM,PXD,KRP,PNRG,PDCE,MGY,BRN,RRC,NEXT,KOS,CRC,SWN,CTRA,VET,ESTE,PED,CLMT,CNX,BRY,HPK,SBOW,PRT,SM,CKX,EGY,MXC,GPOR,INDO,BATL,REI,GTE,CPE,LPI,USEG,TELL,CEI"
14,Real Estateâ€”Development,Real Estate,112.42,91,32,9,30,"ARL,AEI"
15,Restaurants,Consumer Cyclical,111.54,91,80,69,33,"WNW,GRIL,RAVE,RICK,WING,BTB,CHUY,YUMC,ARMK,QSR,TXRH,LOCO,EAT,WEN,FATBP,NATH,SBUX,DRI,ARCO,YUM,MCD,BLMN,KRUS,BJRI,ARKR,BH,CAKE,PBPB,CMG,PZZA,DIN,CNNE,BDL,PLAY,CBRL,DPZ,SHAK,DENN,NDLS,JACK,RUTH,GTIM,FRGI,FATBB,FAT,RRGB,STKS,TAST,BFI"
16,Insuranceâ€”Diversified,Financial Services,110.75,90,87,75,83,"ACGL,AIG,AEG,ACGLN,ACGLO"
17,Confectioners,Consumer Defensive,110.64,90,93,80,90,"TR,HSY,MDLZ,RMCF"
18,Insuranceâ€”Specialty,Financial Services,110.51,89,86,91,91,"AMBC,AGO,ACT,AMSF,AIZ"
19,Medical Distribution,Healthcare,110.43,88,87,84,93,"CAH,MCK,ABC,PBH,HSIC,PDCO,GEG,OMI"
20,Insurance—Diversified,Financial Services,110.04,88,80,61,44,"WDH,PFG,FGF,HIG,ORI,IGIC,FGFPP,EQH,ESGR,SLF,ESGRO,ESGRP,GSHD"
21,Rental & Leasing Services,Industrials,107.93,87,68,77,25,"WLFC,HEES,URI,MGRC,WSC,TRTN,UHAL,R,HRI,ALTG,AL,GATX,CAR,FTAI,TGH,CTOS,RCII,PRG,FPAY,HYRE"
22,Utilities—Regulated Electric,Utilities,107.81,87,81,95,89,"CEPU,GNE,PCG,PCGU,EDN,ENIC,PAM,PNW,ED,ETR,OGE,PNM,PPL,EBR,FE,NEE,CNP,EIX,VIASP,XEL,SO,WEC,IDA,DUK,ES,POR,CMS,NGG,KEP,EVRG,DTE,LNT,FTS,KEN,D,VIA"
23,Chemicals,Basic Materials,107.28,86,71,55,85,"RYAM,APD,UNVR,FF,SQM,ASIX,DOW,LXU,MTX,WLKP,MEOH,EMN,HUN,CE,TROX,VHI,BAK"
24,Banksâ€”Regional,Financial Services,107.08,85,92,87,88,"AMAL,ACNB,ASB,AROW,ABCB,AMNB,AFBI,ALRS,AMTB"
25,Tobacco,Consumer Defensive,106.63,85,52,30,86,"RLX,VGR,PM,BTI,MO,UVV,TPB,KAVL"
26,Industrial Distribution,Industrials,106.15,84,77,70,61,"EVI,TITN,AIT,GWW,MSM,FERG,WCC,WSO,TRNS,DXPE,FAST,SITE,CNM,GIC,PKOH"
27,Utilities—Regulated Water,Utilities,106.03,83,78,81,71,"SBS,SJW,CWCO,AWR,CWT,WTRG,YORW,AWK,CDZI,PCYO,MSEX,ARIS,GWRS,ZWS,CDZIP"
28,Silver,Basic Materials,105.83,83,72,3,19,"FSM,MAG,SVM,AG,EXK,PAAS"
29,Utilities—Regulated Gas,Utilities,105.74,82,85,93,92,"NFE,NJR,ATO,RGCO,SPH,UGI,UGIC,SR,OGS,NI,NIMC,NWN,BIPC,SWX,CPK"
30,Marine Shipping,Industrials,105.7,82,90,86,81,"ASC,PXS,INSW,SMHI,PXSAP,NAT,GRIN,NETI,EGLE,PANL,SBLK,GASS,KEX,SFL,GOGL,GNK,EDRY,CPLP,NMM,GSL,DSX,CTRM,ESEA,SB,MATX,CMRE,DAC,SHIP,KNOP,NM,GLBS,ZIM,PSHG,TOPS"
31,Travel Services,Consumer Cyclical,105.66,81,58,67,14,"TOUR,TCOM,RCL,MMYT,YTRA,BKNG,NCLH,TNL,TRIP,EXPE,LIND,CCL,TZOO,DESP"
32,Grocery Stores,Consumer Defensive,105.61,80,90,82,93,"CASY,ASAI,SFM,WMK,IMKTA,DNUT,VLGEA,ARKO,DDL,ACI,KR,GO,NGVC"
33,Electronic Components,Technology,105.53,80,82,54,49,"RELL,BELFB,LYTS,BELFA,SANM,FLEX,FN,AMOT,PLXS,JBL,MEI,MMAT,BHE,TTMI,APH,CLS,NSYS,DAIO,REFR,ELTK,CTS,EMAN,OSIS,GLW,LINK,DSWL,TEL,LFUS,KOPN,NEON,CPSH,VICR,KULR,LPTH,OUST,VIAO,SGMA,ROG,WBX,LGL,IMTE"
34,Metal Fabrication,Industrials,105.49,79,70,80,53,"MEC,VMI,HAYN,ATI,CRS,MLI,NWPX,RYI,WOR,HIHO,IIIN,ALPP,AP,SGBX,PRLB"
35,Insurance—Life,Financial Services,105.21,78,79,79,64,"NWLI,GNW,UNM,GL,MET,BHF,CNO,PRI,PUK,PRU,MFC,BHFAO,BHFAP,VERY,BHFAN,MDWT,LNC,CIA"
36,Insuranceâ€”Life,Financial Services,105.21,78,88,90,83,"AFL,AEL,AAME"
37,Steel,Basic Materials,104.9,77,75,72,77,"STLD,GGB,CMC,ZEUS,NUE,RS,FRD,SIM,X,PKX,TMST,MT,USAP,TX,SID,SCHN,CLF,MSB,ZKIN,HUDI"
38,Consulting Services,Industrials,104.61,77,77,75,82,"CRAI,HURN,BAH,BWMN,EXPO,RGP,TRI,ICFI,FC,FCN,EFX,VRSK,FORR,TRU,GRNQ"
39,Packaging & Containers,Consumer Cyclical,104.27,76,60,60,70,"UFPT,OI,MYE,SLGN,PTVE,FFHL,GEF,REYN,GPK,BERY,AMCR,SON,PKG,ATR,WRK,IP,SEE,CCK,KRT,AMBP,PACK,TUP"
40,Tools & Accessories,Industrials,103.86,75,74,72,43,"GFF,TTC,TKR,SNA,LECO,CVR,EML,KMT,SCX,PFIN,SWK,TBLT"
41,Residential Construction,Consumer Cyclical,103.83,75,42,43,27,"TMHC,DHI,LEN,MTH,PHM,GRBK,NVR,MHO,TOL,CCS,CVCO,KBH,TPH,LEGH,LGIH,BZH,MDC,SKY,HOV,DFH"
42,Trucking,Industrials,103.62,74,61,67,46,"YGMZ,CVLG,ULH,TFII,HTLD,MRTN,KNX,ODFL,SNDR,SAIA,WERN,PATI,ARCB,DSKE,PTSI,USX,YELL,BEST,TSP"
43,Engineering & Construction,Industrials,103.44,74,75,77,67,"LMB,HIL,RCMT,FLR,FIX,EME,STRL,PWR,ACM,GVA,JCI,APG,TTEK,MTZ,NVEE,KBR,ROAD,STN,MTRX,AGX,MYRG,J,PRIM,AMRC,BBCP,DY,ORN,IESC,TPC,BLD,ATCX,WLDN,AENZ,ENG,GLDD,WLMS,DRTT"
44,Building Materials,Basic Materials,103.31,73,64,61,32,"USLM,EXP,MDU,VMC,CPAC,SUM,LOMA,MLM,CRH,CX,SMID,JHX,RETO"
45,Utilitiesâ€”Regulated Electric,Utilities,103.0,72,62,93,91,"AEP,AEPPZ,AEE,AGR"
46,Gold,Basic Materials,102.68,72,63,8,40,"AGI,AUY,AU,HMY,HL,GFI,GLDG,IAG,EGO,OR,AEM,DRD,FNV,RGLD,ORLA,WPM,NG,KGC,CMCL,SBSW,BTG,GAU,GOLD,CDE,SSRM,AAU,NGD,GORO,NEM,VGZ,CGAU,USAU,NFGC,TRX,SA,SAND,EQX,PZG,THM"
47,Solar,Technology,102.55,71,83,91,36,"FSLR,ARRY,ENPH,MAXN,SHLS,BEEM,SEDG,SPWR,RUN,CSIQ,JKS,NOVA,SUNW,SOL,SPI,FTCI,ISUN,VVPR"
48,Shell Companies,Financial Services,102.34,70,85,79,90,"TRON,CLOE,CLOEU,MPAC,COVA,MAQCU,POND,ACBA,PPHP,OXAC,VHAQ,AAQC,AFAQ,MBTC,OTEC,BRLI,JATT,MPACU,ATA,PSAG,AMPI,EQHA,BSGA,ROCG,JOFF,DCRDU,IPVI,LGV,GLHA,GNAC,SPGS,TPBAU,PIAI,KAHC,HIII,GLHAU,APTM,RXRA,ADOC,SMIH,IBER,BYTS,TIOA,KLAQ,TWND,WQGA,GRCY,TBSA,HCII,VELO,GHAC,OXUS,COLI,LCA,CRZN,CTAQ,GIW,CLAS,HLAH,PFTA,PLMI,XPAX,CFFE,ORIA,WRAC,AFTR,AMCIU,CFFEU,DISA,DHCA,SPKB,EVOJ,SCOB,FLME,GACQU,GSQB,FTEV,ROSS,CSTA,ESM,DHHC,DLCA,MAQC,SPTK,GBRG,TSPQ,AGGR,EAC,OSI,SLAM,STRE,CLAY,KRNL,ITQ,TLGA,LDHA,LJAQ,HHLA,KCGI,MACA,PGRW,OMEG,LCAA,MSAC,APGB,DALS,NSTB,VLAT,KAII,ANAC,LEGA,WPCA,ACQR,ABGI,CPUH,SDAC,FINM,NSTC,OSTR,AGCB,CPAR,INKA,TWOA,TRCA,HERA,SLAC,TWNI,EOCW,GPAC,LGAC,DNAB,ROCGU,JAQC,NRAC,CLBR,EPHY,PRSR,TZPS,BLNG,JUGG,JWSM,LVRA,PBAXU,PDOT,AFAQU,GTPB,NSTD,NVSA,DRAY,NBST,PMGM,TETC,WPCB,NAACU,SCAQ,CLAA,PNTM,POW,BITE,TMKR,AKIC,JCIC,SCOA,ZT,CHAA,FCAX,FRON,MON,PCPC,FMIV,FRXB,LOKM,PRPC,ADER,AGAC,PICC,KSI,LHC,AAC,IIII,PSPC,BGSX,COLIU,FWAC,VII,MDH,VPCB,BIOT,ASAX,BLUA,HCIC,MCAE,DISAU,FSRX,IXAQU,NGC,DTOC,TRTL,AEAC,GSEV,GSQD,TCVA,HCAR,ARRW,DCRD,TWLV,ANZU,HIIIU,VAQC,CENQU,KAIR,MTAL,ATAQ,APMI,TBCP,CTAQU,IPVIU,PANA,FACT,ACAH,PACX,NAAC,CENQ,GAMCU,SLAMU,FACA,HERAU,PSAGU,CORS,ISAA,DNZ,FSNB,GPACU,RCLF,ACQRU,IPVF,CPARU,EBACU,EDTX,SVFB,TBCPU,LGACU,SVFA,CFIV,CVII,GXII,GTPA,APTMU,PUCK,TIOAU,NVSAU,PTOC,JCICU,MTAC,RMGC,DHHCU,JAQCU,JOFFU,CPTK,FTPA,KVSA,CCV,MIT,LDHAU,SPKBU,TWCB,XPAXU,FTAA,PLMIU,SWSS,MSDA,TMKRU,VELOU,OCAX,FZT,OPA,SCOBU,FRSG,MEACU,PFDR,EBAC,WWACU,ALPA,SMIHU,ITQRU,SHQA,LEGAU,DRAYU,KVSC,SCOAU,GIWWU,CCVI,DHCAU,FINMU,ARYD,EPHYU,PRSRU,HLAHU,KLAQU,NRACU,TZPSU,COOL,FRONU,ORIAU,BWAC,ERES,KRNLU,OXACU,GXIIU,PGRWU,TBSAU,AURC,MACAU,RMGCU,MONCU,TWLVU,AMCI,POWRU,VLATU,BYTSU,MBAC,EVOJU,INKAU,MEAC,TRONU,IGAC,RCLFU,PMGMU,SWSSU,TETCU,KAIIU,RXRAU,AGGRU,BLNGU,GNACU,NBSTU,BSGAU,CRZNU,FSRXU,HCIIU,LJAQU,DLCAU,MLAC,EACPU,HUGS,LCAHU,ASAXU,DTOCU,OTECU,EUCR,MSDAU,IIIIU,PFDRU,COVAU,ACAHU,GAMC,YTPG,BWC,VPCBU,CFIVU,CONX,KAIRU,FPAC,SPTKU,JMACU,OXUSU,SDACU,OSTRU,SVFAU,GLBL,ANZUU,QFTA,XFINU,AEACU,ERESU,CONXU,GIIX,SCAQU,COOLU,GFX,ADERU,HSAQ,SHQAU,KINZ,SKYAU,VIIAU,PACXU,PV,FMIVU,GSEVU,PPHPU,HCICU,PFTAU,GHACU,JUGGU,ARRWU,APMIU,HCARU,SPK,FOXWU,VCXA,ARBGU,KSICU,DGNU,OCAXU,LCAAU,FOXW,SAMAU,FRSGU,PTOCU,ZTAQU,RAM,AKICU,ALTU,PCXCU,BREZ,HZON,LITTU,ALPAU,ADEX,GTPAU,RAMMU,MCAEU,BIOTU,HCNEU,MTACU,GTPBU,IGACU,VCXAU,GIIXU,TWCBU,BOAC,MBTCU,BRIVU,BTWN,ARBG,WALD,HPX,FTPAU,BWCAU,FTAAU,EUCRU,AMAO,WINVU,LVRAU,SNRH,SNRHU,DUNE,GLBLU,KINZU,BTWNU,PUCKU,ALTUU,BWACU,AURCU,DUNEU,WINV,DWAC,DWACU,KORE,AGBA"
49,Integrated Freight & Logistics,Industrials,102.28,70,67,52,72,"AIRT,XPO,LSTR,FWRD,EXPD,HUBG,JBHT,ZTO,UPS,ATSG,AIRTP,CHRW,FDX,RLGT,CYRX"
50,REIT—Retail,Real Estate,102.2,69,62,49,65,"SRG,GTY,SKT,UBP,KRG,MAC,SPG,UBA,NNN,PINE,BRX,RPT,REG,KIM,PECO,FRT,O,SITC,NTST,BFS,WSR,EPR,ROIC,WHLR,WHLRD,WHLRP,PEI"
51,Education & Training Services,Consumer Defensive,101.91,69,64,58,82,"EDU,TAL,VTRU,TEDU,EEIQ,STRA,STG,GOTU,PRDO,CHGG,EDTK,LOPE,AFYA,ATGE,APEI,COE,CLEU,GHC,LAUR,AACG,IH,LRN,COUR,LINC,UTI,TWOU,ARCE,WAFU,VSTA,BEDU,LXEH,YQ,AMBO,METX,FEDU,ASPU,SKIL"
52,Electronics & Computer Distribution,Technology,101.83,68,88,78,75,"AVT,CNXN,ARW,SCSC,TAIT,AEY"
53,Utilities—Diversified,Utilities,101.81,67,72,96,94,"ELP,SJI,SRE,UTL,NWE,AVA,HE,EXC,BKH,PEG,MGEE,OTTR,CIG,BIP,MNTK"
54,Specialty Industrial Machinery,Industrials,101.62,67,66,51,38,"AIMC,CIR,CVV,PSN,XYL,EPAC,SPXC,CW,THR,HWM,B,IEX,CMI,EMR,HON,DCI,HI,AME,TT,GHM,NPO,TAYD,ETN,SXI,IR,ITW,OTIS,PH,CR,WTS,GE,ROK,FLS,ITT,ROP,LII,NDSN,GGG,DOV,KAI,CSWI,FELE,AOS,MWA,HURC,TRS,MMM,MIDD,OFLX,TNC,ARNC,PNR,GTES,GRC,HSC,RRX,LXFR,HLIO,BWEN,JBT,TWIN,CYD,TPIC,BLDP,GTLS,AMSC,CGRN,KRNT,GTEC,SHPW,PYR,GNRC"
55,Lodging,Consumer Cyclical,101.36,66,49,64,53,"HTHT,H,IHG,MAR,HLT,INTG,WH,CHH,GHG,MCG"
56,Paper & Paper Products,Basic Materials,100.9,66,67,69,58,"SLVM,RFP,CLW,SUZ,MERC,GLT,ITP"
57,Banks—Regional,Financial Services,100.22,65,82,82,77,"GCBC,NRIM,LMST,BFC,NWFL,HVBC,TSBK,OSBC,TBBK,NBN,OBT,NECB,PLBC,ESQ,CALB,HFWA,MCBC,HTBK,TRST,PFHD,ESSA,CCB,OVLY,MNSB,FHN,NKSH,BSMX,FBIZ,STBA,BPRN,CARE,SAL,PEBK,PBFS,PWOD,WNEB,SRCE,BHB,IBCP,FCBC,CHCO,RNST,FSBW,HDB,BSVN,TCBK,BLX,EQBK,UBSI,NBTB,MLVF,COFS,PRK,CCBG,IBN,CVLY,CTBI,FFBC,MPB,TCFC,RRBI,HBT,VABK,RVSB,FBNC,ISTR,BANR,BCBP,CFBK,MOFG,CFFI,SPFI,WSBC,CVCY,MBCN,BOKF,IBOC,HBCP,FNB,SYBT,TRMK,NFBK,EBTC,PFIS,EMCF,CVBF,OCFC,SMBK,TCBC,BWB,PGC,LBAI,ONB,CWBC,TOWN,LCNB,VLYPO,HAFC,MSBI,FDBC,ORRF,NBHC,VBFC,NWBI,WAFD,INDB,FNLC,BANF,PFBC,BAP,CASH,BCH,FCCO,FULT,FUNC,PCSB,TBNK,CIVB,MGYR,SBT,ASRV,BUSE,OPOF,TMP,BHLB,DB,LYG,CBNK,AUB,BSBK,CHMG,TECTP,FGBI,EFSC,HTLFP,SUPV,HWC,THFF,ZIONO,OFG,GBCI,MYFW,GSBC,DCOM,ITCB,FBMS,WABC,MNSBP,HBAN,OPHC,OPBK,UVSP,SSBI,WTFCP,CATC,UCBI,FBP,MCBS,MBWM,UMPQ,ATLO,MRBK,HOMB,HTH,MBNKP,CNOBP,OCFCP,CCNEP,UNTY,MFG,PEBO,WSBCP,HWBK,RF,HONE,CFR,CNNB,SHG,BRKL,HTLF,RBB,UCBIO,BLFY,FCNCA,FITBI,CATY,OZK,TFSL,FHB,PNFPP,FRME,PPBI,COLB,PBHC,EVBN,FCF,CZNC,SHBI,UBFO,FIBK,WTFCM,CLBK,LKFN,SMMF,OFED,BMRC,FGBIP,PB,WMPN,CFG,GABC,AUBAP,FLIC,BY,PFC,FSBC,KB,CULL,FVCB,VLYPP,GNTY,FRBA,BOH,WTBA,WTFC,FFBW,BSRR,CBSH,ITUB,SSB,PDLB,KFFB,PBBK,WF,FNCB,SFST,WSFS,BFIN,BBAR,RBCAA,SFBC,BCML,TCBI,FMNB,UBCP,PKBK,WASH,HTBI,MBINP,SMBC,FITBP,MBIN,IFS,CCNE,BKSC,FRAF,HMNF,FXNC,FSEA,HBANM,BMA,PTRS,PROV,FULTP,PFS,WBS,SBCF,VLY,SBFG,PCB,FITBO,CBFV,TCBIO,FMAO,BFST,BSAC,CAC,GBNY,WSBF,BWFG,MSVB,NYCB,FFIC,CFB,BCOW,SNV,SBSI,FRST,HIFS,FFNW,BOTJ,CBU,DCOMP,HFBL,CADE,LARK,OBNK,MBINO,CZWI,BRBS,EGBN,FCNCP,AX,KEY,USB,BWBBP,FSFG,FMBH,OVBC,LBC,BKU,LSBK,HOPE,UNB,EBC,GGAL,FISI,PNC,FBK,QCRH,CNOB,IBTX,RBKB,MBINN,CSTR,RMBI,CBAN,KRNY,PNFP,UMBF,CFFN,FITB,BSBR,BANC,MTB,VBTX,CIB,SBNYP,TFC,SASR,BPOP,SIVBP,CPF,EBMT,FNWB,SFBS,SFNC,ZION,IROQ,HBNC,CIZN,FFIN,AUBN,CMA,FUSB,FRC,BBDO,PACW,PNBK,GLBZ,WAL,FCAP,BBD,LOB,CUBI,MCB,HMST,FRBK,MVBF,FFWM,AVAL,INBK,CARV,BYFC,SBNY,SIVB,PVBC,SI"
58,Beverages—Brewers,Consumer Defensive,99.88,64,51,48,69,"BUD,FMX,TAP,SAM,CCU,SBEV"
59,Insurance—Reinsurance,Financial Services,99.7,64,79,54,80,"RGA,RNR,RE,GLRE,SPNT,MHLD,OXBR"
60,Electrical Equipment & Parts,Industrials,99.64,63,66,62,34,"FLUX,POWL,ATKR,PLPC,BDC,BMI,HUBB,KE,ENR,ENS,WIRE,NVT,AEIS,OESX,VRT,BE,HOLI,ABB,AYI,AZZ,ESP,IPWR,CBAT,SVT,FCEL,LTBR,ULBI,APWC,RFIL,EAF,HAYW,PPSI,BW,PLUG,OPTT,MVST,POLA,EOSE"
61,Business Equipment & Supplies,Industrials,99.52,62,35,33,61,"EBF,PBI,AVY,ACCO,HNI,SCS"
62,REITâ€”Retail,Real Estate,99.4,62,59,68,79,"ADC,ALX,AKR"
63,Footwear & Accessories,Consumer Cyclical,99.34,61,40,42,52,"CROX,DECK,SKX,FL,WEYS,VRA,SHOO,NKE,CAL,RCKY,FORD,WWW"
64,Insuranceâ€”Property & Casualty,Financial Services,99.27,61,83,36,87,"AFG,ALL,ARGO"
65,Beverages—Non-Alcoholic,Consumer Defensive,99.25,60,54,62,70,"CELH,KOF,MNST,CCEP,PRMW,PEP,FIZZ,KO,COKE,KDP,REED,OTLY,WTER"
66,Financial Data & Stock Exchanges,Financial Services,99.2,59,74,70,75,"NDAQ,FDS,MSCI,CBOE,MCO,SPGI,ICE,MORN,VALU,CME"
67,Semiconductor Equipment & Materials,Technology,98.97,59,48,44,41,"AEHR,ACLS,COHU,KLAC,ASML,UCTT,AMBA,AMAT,KLIC,PLAB,LRCX,ICHR,OLED,TER,DQ,IPGP,VECO,TRT,ASYS,NVMI,CAMT,AXTI,ENTG,RBCN,ATOM,ACMR"
68,Conglomerates,Industrials,98.56,58,57,56,62,"IRS,TRC,VRTV,MATW,IEP,STCN,CRESY,SPLP,SEB,CODI,BBU,IGC,NNBR"
69,Railroads,Industrials,98.31,58,58,47,54,"TRN,WAB,CP,CNI,NSC,CSX,GBX,UNP,RAIL,FSTR,KIQ,USDP"
70,Banks—Diversified,Financial Services,98.08,57,65,58,62,"BBVA,ING,NWG,UBS,SMFG,JPM,SAN,HSBC,NTB,MUFG,RY,BCS,WFC,TD,C,BMO,EWBC,BAC,BNS,CM,CS"
71,REIT—Hotel & Motel,Real Estate,97.97,56,56,88,48,"SVC,SOHOO,SOHON,SOHOB,CLDT,RHP,HT,FCPT,HST,DRH,INN,SHO,SOHO,RLJ,XHR,PK,PEB,BHR,IHT"
72,Aerospace & Defense,Industrials,97.92,56,46,31,30,"CVU,AXON,AJRD,IVAC,LMT,CODA,NOC,BA,BWXT,AIR,RTX,ISSC,GD,HII,VSEC,HXL,DCO,HEI,TDG,TXT,EH,AVAV,BYRN,PKE,ATRO,CAE,NPK,POWWP,ERJ,WWD,LHX,TATT,MRCY,SPR,RGR,DPRO,ESLT,TGI,VTSI,RKLB,SWBI,SIF,SPCE,KTOS,ASTC,AIRI,KAMN,UAVS,RDW,LILM,POWW,LILMW,ASTR"
73,Asset Management,Financial Services,97.66,55,55,57,58,"AAMC,BCOR,EMO,FCRD,AMG,GRF,AMP,APO,CEM,PEO,AMK,BGR,CTR,GER,NML,IRL,TYG,CEN,ATCO,NDP,CGBD,THW,FDUS,NTG,TTP,SRV,IVZ,FHI,SCM,JXN,FPL,SEIC,GNT,LRFC,FIF,FEI,STT,KYN,MXE,EEA,MXF,HRZN,HIE,MCN,CION,BCX,MGU,RNP,GGN,FOF,SWKH,DNP,JCE,TPZ,FUND,BLK,SPXX,BEN,LGHL,PUYI,SAMG,BGY,DHIL,DEX,KMF,OFS,FEN,GUT,FDEU,BME,ARES,TCPC,HTD,PCQ,HEQ,THQ,SWZ,GCMG,HQH,ERC,RAND,DIAX,BDJ,IIF,VVR,NMFC,OWL,RMT,OXLCM,HQL,PZC,IGA,GAM,SAR,EOD,VBF,AOD,IGD,PSEC,BRW,HYI,HFRO,ECC,ARCC,CHN,DSU,EOI,TEAF,BKCC,RCS,EVG,NHS,LGI,IDE,BXMX,GDV,PMX,WEA,BOE,AWF,PTY,PFLT,AGD,EVT,SOR,SCD,WHF,GOF,NXC,CET,EHI,PPT,BLW,NID,NXP,CII,OCCIO,JOF,UTF,GDL,MCR,NUO,IVH,MCI,GGZ,HTY,EXD,GBDC,OIA,PAX,GLAD,HIO,EMF,DPG,JGH,CSQ,MAIN,ENX,BUR,BIT,OCCI,RA,HIX,BUI,EDD,IAE,UTG,FRA,EAD,ISD,VCIF,SLRC,IFN,CUBA,RVT,BGT,ADX,CHI,FMY,MIN,STK,PNF,EMD,RIV,NFJ,PFN,MPV,BK,VFL,JPI,PDI,PIM,RMM,NUV,TY,JPC,EVM,GIM,PHK,NNY,DHY,AIF,NIM,GCV,IHD,NXN,MHF,ACV,CBH,HLNE,VRTS,DSL,EVV,NBW,IHIT,VLT,CHY,NUW,MMT,PAI,GRX,IAF,DHF,PCK,CXH,NCA,TSI,HYT,IGI,NBH,MMU,BSIG,APAM,JFR,NIQ,GAIN,PFL,NSL,HYB,VCV,BHK,PCN,PMF,GDO,FSD,MGF,FGB,EXG,FFA,EOT,BFZ,JEQ,CIK,EVF,NTRSO,PSF,JSD,KF,EOS,RFI,PMM,NBO,MFM,FSK,JQC,JHG,OXLCP,FCT,SBI,GAB,MHI,BGH,ERH,MSD,VTN,MYD,IIM,BTT,ETY,VINP,USA,ARDC,PMO,NQP,EIM,DDF,AFT,VCTR,VGI,JRO,QQQX,NKG,RGT,NMI,TROW,FAM,MFD,MNP,CCD,BWG,GHY,HYW,JPS,EFT,NRK,PCF,AINC,EGF,SPE,NIE,NXJ,FTF,MMD,MYI,LDP,BTZ,BKT,NCV,HPS,VGM,JLS,IQI,AB,MYN,EFR,INSI,PFO,NAN,CIF,MUI,PHT,HPI,EDF,MQY,VKQ,KKR,BGX,BCSF,CMU,DMF,BLE,NEA,KTF,ETG,LEO,STEP,PHD,PDT,ETW,VPV,BGB,NZF,VMO,MAV,CEV,AEF,BSL,NKX,FPF,EDI,NMZ,FLC,GBAB,ETO,PNNT,TEI,JRI,FAX,DBL,BNY,ETX,NCZ,TSLX,NAD,MVT,HPF,PFD,BBN,FMN,FFC,JMM,MHN,BYM,MVF,ICMB,CXE,NAC,JHS,FT,AFB,DTF,PNI,BANX,WIW,ETB,PGP,BFK,VKI,MHD,TDF,MUE,FCO,RQI,KIO,OPP,KSM,NBB,NVG,EVN,OXLCO,PYN,ETV,ETJ,BTO,AVK,DFP,MUC,DSM,JHI,MUA,HNW,CNS,ECF,CSWC,GF,BST,WIA,GLV,HNNA,DMO,TWN,BCV,NPV,ECCC,OXSQ,PML,NMT,NTRS,MUJ,GLU,ASG,CAF,SCU,SII,ASA,ACP,MQT,MIY,PGZ,BTA,CLM,OXLC,IGR,CRF,PCM,MFV,PFX,NAZ,NEWT,NRO,NOAH,MPA,CEE,JRS,BKN,AWP,TURN,GGT,CG,NOM,CHW,TPVG,DMB,BHV,RCG,NMS,BX,CIXX,GLQ,CCAP,CGO,GLO,PHCF,TRIN,GROW,EQS,GECC,SFE,SSSS,SVVC"
74,Capital Markets,Financial Services,97.64,54,54,35,25,"FUTU,HGBL,TIGR,COWN,SNEX,PWP,PIPR,AMRK,FRHC,OPY,PJT,LAZ,LPLA,RJF,GS,HLI,IBKR,EVR,BGCP,AC,DFIN,MS,SCHW,GHL,MC,SRL,FOCS,SF,MKTX,NMR,SIEB,TW,WHG,COHN,VIRT,ATIF,XP,MFH,BTCS,HUT,MARA,CIFR,BTCM,BITF"
75,Insurance Brokers,Financial Services,97.56,54,12,11,24,"GOCO,ERIE,HUIZ,FANH,AJG,MMC,AON,BRP,BRO,CRVL,EHTH,TIRX,RELI,SLQT"
76,Food Distribution,Consumer Defensive,97.37,53,73,74,85,"PFGC,USFD,SPTN,CHEF,SYY,DIT,ANDE,UNFI,WILC,HFFG,ZEST"
77,Apparel Retail,Consumer Cyclical,97.03,53,38,17,19,"JILL,ROST,BKE,GPS,TJX,DXLG,URBN,GES,BURL,ANF,AEO,TLYS,CHS,CTRN,VSCO,LULU,CRI,SCVL,ONON,GCO,BOOT,CATO,PLCE,ZUMZ,DBI,GIII,DLTH,EXPR,CURV,DBGI"
78,Building Products & Equipment,Industrials,97.02,52,37,45,37,"TGLS,AAON,NX,GMS,APOG,OC,BLDR,PPIH,LPX,CARR,BECN,JBI,ROCK,AZEK,SSD,IBP,CSL,BXC,PGTI,MAS,APT,DOOR,AWI,TREX,WMS,JELD,AEHL,ASPN,VIEW,CSTE,SWIM"
79,Insurance—Specialty,Financial Services,97.0,51,41,59,76,"TIPT,EIG,RYAN,MBI,MTG,JRVR,FAF,ICCH,RDN,FNF,ITIC,TRUP,TIG"
80,Auto Parts,Consumer Cyclical,96.75,51,56,35,29,"CAAS,MOD,VC,SRI,ALSN,PLOW,AXL,CVGI,MLR,LKQ,BWA,XPEL,SUP,GTX,THRM,ALV,DAN,ADNT,SYPR,MGA,MNRO,INVZ,GNTX,LEA,APTV,SMP,KNDI,DORM,CPS,GT,MPAA,HYLN,FRSX,STRT,WKSP,WPRT,QS,AEVA,UFAB,LIDR,HZN"
81,REITâ€”Diversified,Real Estate,96.74,49,53,39,64,"ALEX,AHH,AAT"
82,Utilities—Independent Power Producers,Utilities,96.74,49,59,83,88,"VST,WAVE,TAC,NRG"
83,Communication Equipment,Technology,96.68,49,45,46,31,"CLRO,EXTR,PI,DGII,CLFD,HLIT,UTSI,SWIR,FKWL,INFN,HPE,BKTI,MSI,CMBM,SILC,JNPR,KVHI,ADTN,AVNW,WTT,CSCO,CIEN,CMTL,UI,NOK,KN,ITRN,MAXR,NTIP,OCC,CRNT,TESS,PCTI,NTGR,ITI,DZSI,BOSC,COMM,ERIC,AMPG,GILT,SATS,VSAT,AIRG,AKTS,LTRX,PWFL,ZBRA,CASA,FEIM,AUDC,VIAV,LITE,CAMP,SONM,VISL,BOXL,INSG,ONDS,MINM,SYTA"
84,Discount Stores,Consumer Defensive,96.56,48,89,76,87,"WMT,DG,BJ,DLTR,OLLI,PSMT,COST,TGT,BIG"
85,Lumber & Wood Production,Basic Materials,96.19,48,48,66,72,"BCC,UFPI,WFG,EVA,JCTCF"
86,Financial Conglomerates,Financial Services,96.18,47,61,83,59,"JEF,RILYL,VOYA,RILYP,RILY"
87,Home Improvement Retail,Consumer Cyclical,95.94,46,51,17,9,"HVT,HD,LOW,GRWG,FND,TTSH,LESL,LL"
88,Coking Coal,Basic Materials,95.88,46,84,90,98,"AMR,SXC,HCC,METC,AREC,CCNC"
89,REITâ€”Specialty,Real Estate,95.47,45,43,59,80,"AFCG,AMT"
90,REIT—Healthcare Facilities,Real Estate,95.44,45,46,63,74,"GEO,OHI,CTRE,LTC,UHT,SBRA,CHCT,NHI,VTR,PEAK,DOC,HTIA,WELL,GMRE,HR,MPW,DHC"
91,Farm Products,Consumer Defensive,95.31,44,70,53,67,"AGFS,VITL,CALM,ADM,IBA,FDP,BG,LND,AVO,CHSCL,CHSCN,CHSCO,CHSCM,LMNR,CHSCP,SANW,AGRO,TSN,PME,ALCO,BHIL,VFF,AQB,APPH"
92,Specialty Chemicals,Basic Materials,94.95,43,50,48,59,"HDSN,FSI,KOP,FUL,ODC,RPM,IOSP,OEC,LIN,CMT,DD,WLK,ASH,CBT,NGVT,OLN,NTIC,SCL,PPG,TG,CCF,AXTA,ALB,KWR,HWKN,CC,SHW,LYB,NEU,BCPC,ESI,ECVT,GPRE,SXT,IFF,ECL,LTHM,WDFC,AVNT,GURE,LWLG,TSE,AVTR,KRO,ALTO,GEVO,AMRS,DNMR,LOOP,CNEY,VNTR,CRKN,SNES"
93,Telecom Services,Communication Services,94.86,43,35,25,56,"UCL,TKC,IRDM,SPOK,T,TMUS,KT,GSAT,GOGO,VEON,ATNI,TIMB,IDT,OOMA,RCI,AMOV,AMX,SJR,FYBR,TEO,CCOI,ORAN,BCE,PHI,TU,PTNR,CHT,RBBN,RDCM,RADI,IDCC,LILAK,LILA,SKM,TEF,TIGO,SHEN,VIV,VZ,TLK,VOD,ATEX,VATE,USM,CNSL,TDS,CXDO,CABO,LUMN,SIFY,ASTS,COMS,KLR,ATUS,ANTE"
94,REITâ€”Residential,Real Estate,93.67,42,43,85,57,"AIV,AMH,AIRC"
95,REIT—Specialty,Real Estate,93.5,41,41,41,69,"CXW,GLPI,IRM,EQIX,LAMR,PCH,RYN,WY,FPI,OUT,SBAC,HASI,CCI,UNIT,PW"
96,Department Stores,Consumer Cyclical,93.44,41,76,49,56,"DDS,M,JWN,CBD,KSS"
97,Aluminum,Basic Materials,93.16,40,36,6,14,"KALU,AA,CSTM,CENX"
98,Luxury Goods,Consumer Cyclical,93.13,40,32,37,49,"TPR,SIG,MOV,BGI,FOSL,MYTE,CTHR"
99,Household & Personal Products,Consumer Defensive,93.03,39,25,28,51,"ELF,HIMS,IPAR,KMB,UL,PG,CLX,EPC,CL,COTY,NUS,CHD,EL,SPB,MTEX,ACU,UG,NWL,USNA,SKIN,NATR,HELE,EWCZ,NTCO,DOGZ,TANH"
100,Farm & Heavy Construction Machinery,Industrials,92.97,38,40,14,22,"WNC,REVG,DE,TEX,CAT,AGCO,PCAR,CNHI,LNN,ALG,TWI,GENC,ASTE,OSK,CMCO,SHYF,HY,MTW,UGRO,MNTX,ARTW,LEV,HYFM,XOS,IDEX,ZEV"
101,Other Precious Metals & Mining,Basic Materials,92.91,38,53,0,20,"GATO,MUX,BVN,MMX,ASM,MTA,SILV,PLG,AUMN,NEWP,GROY,ITRG,PPTA,HYMC"
102,Semiconductors,Technology,92.63,37,33,24,29,"RMBS,AMKR,LSCC,ALGM,NVEC,OIIM,MTSI,INTT,VSH,DIOD,ADI,MCHP,SQNS,ASX,AVGO,ON,TXN,TSEM,VLN,NVDA,STM,HIMX,CRUS,ONTO,POWI,NXPI,SLAB,QRVO,SKYT,UMC,MPWR,QCOM,TSM,SWKS,SIMO,MXL,MU,CEVA,LASR,QUIK,WOLF,IMOS,SITM,AOSL,SGH,MRAM,INTC,MRVL,AMD,FORM,SYNA,AAOI,MX,PXLW,SMTC,LEDS,WKEY,GSIT,EMKR,WISA,RKLY"
103,Publishing,Communication Services,92.53,37,49,29,33,"PSO,RELX,NYT,DJCO,SCHL,DALN,EDUC,GCI,LEE"
104,Airlines,Industrials,92.07,36,29,32,20,"ZNH,CEA,CPA,ULCC,UAL,DAL,LUV,RYAAY,ALK,SNCY,AAL,SAVE,VLRS,SKYW,HA,JBLU,ALGT,GOL,AZUL,MESA"
105,Waste Management,Industrials,91.94,35,45,74,40,"CLH,HCCI,MEG,CWST,QRHC,WM,WCN,SRCL,RSG,GFL,GFLU,AWX,JAN,PESI,AQMS,CHRA"
106,Auto & Truck Dealerships,Consumer Cyclical,91.69,35,34,56,68,"RENN,PAG,KFS,CARS,SAH,RUSHB,GPI,ABG,RUSHA,AN,DRVN,CRMT,LAD,LAZY,KMX,VRM,KXIN,RMBL,JZXN"
107,Personal Services,Consumer Cyclical,91.64,34,24,23,45,"HRB,EM,ROL,SCI,RGS,MRM,FTDR,FRGAP,BFAM,MED,DSEY,FRG,CSV,WW"
108,REITâ€”Mortgage,Real Estate,91.16,33,44,65,51,"ARI,AGNCN,ABR,AGNCM,ACRE,AGNCO,AGNCP,AAIC,AGNC,ACR,ARR,AJX,AOMR"
109,Specialty Business Services,Industrials,90.61,33,29,38,37,"PAYS,CASS,CBZ,CVEO,SP,CTAS,MMS,ABM,IAA,UNF,CPRT,PFMT,SRT,OMEX,SGRP,ARC,PFSW,QUAD,RBA,FA,ACTG,VVI,DLHC,WHLM,GPN,KODK,BV,TISI,ATTO,DSS,EJH,AGFY"
110,REIT—Industrial,Real Estate,90.04,32,30,40,66,"COLD,STAG,LANDO,LANDM,PLD,FR,PSA,IIPR,CUBE,TRNO,EGP,SELF,PLYM,REXR,LSI,EXR,LAND,NSA,ILPT"
111,Scientific & Technical Instruments,Technology,89.88,32,27,21,38,"LUNA,VPG,ESE,NOVT,KEYS,WRAP,TDY,FTV,ITRI,CGNX,BNSO,GRMN,ST,SOTK,MLAB,VNT,GNSS,ELSE,TRMB,FARO,MKSI,WATT,IIVIP,COHR,FCUV,MINDP,ZEPP,VLDR,MVIS,MIND,SMIT"
112,REIT—Diversified,Real Estate,89.63,31,30,45,60,"VICI,MDRRP,CORR,STOR,GOOD,EPRT,SRC,WPC,CTO,UE,LXP,ESRT,OLP,GOODN,GOODO,BNL,NREF,CLPR,BRSP,ESBA,SQFTP,FISK,MDRR,BRDG,OGCP,SAFE,DBRG,STAR,SQFT"
113,REIT—Mortgage,Real Estate,89.51,30,27,50,43,"NYMT,PMT,RC,LOAN,LADR,MFA,MITT,NYMTM,STWD,EARN,NYMTN,NLY,RWT,CHMI,SEVN,DX,IVR,NYMTL,TWO,KREF,BXMT,TRTX,SACH,ORC,LFT,GPMT,CIM,WMC,BRMK"
114,REITâ€”Hotel & Motel,Real Estate,89.46,30,38,89,12,"APLE,AHT"
115,Security & Protection Services,Industrials,89.39,29,37,41,45,"VVNT,ADT,EVLV,NSSC,MSA,ALLE,BCO,BRC,NL,CIX,VRRM,MG,REZI,UUU,SNT,SPCB,VRME,ARLO,BKYI,DGLY"
116,Insurance—Property & Casualty,Financial Services,89.37,29,39,46,74,"RLI,KNSL,WRB,TRV,WTM,CB,PGR,DGICB,SIGI,KMPR,AXS,MKL,NMIH,CNA,THG,SAFT,DGICA,L,HMN,CINF,GBLI,UFCS,NODK,SIGIP,MCY,PRA,STC,CNFR,UVE,PLMR,LMND,UNAM,HCI,KINS,HRTG,UIHC,ROOT,HALL"
117,Staffing & Employment Services,Industrials,89.05,28,47,53,55,"BBSI,ADP,JOB,HQI,NSP,CCRN,MAN,BGSF,PAYX,KELYA,HSII,KFY,ZIP,DHX,TBI,ASGN,KELYB,RHI,KFRC,TNET,MHH,BZ,HSON,UPWK,IPDN,PIXY,STAF,HHR,RCRT"
118,Packaged Foods,Consumer Defensive,88.74,27,28,34,50,"LW,LANC,GIS,CPB,SENEA,POST,SENEB,CAG,INGR,SJM,KHC,THS,FLO,STKL,SMPL,UTZ,TWNK,K,LWAY,JJSF,JBSS,BRBR,MKC,MMMB,HRL,LEXX,FRPT,SOVO,BRID,PLAG,CVGW,CENTA,PPC,CENT,NOMD,DAR,FARM,LFVN,SNAX,HAIN,JVA,NAII,FREE,BGS,BYND,HLF,DTEA,BRFS,FAMI,CLXT,PETZ,CYAN,LSF,NUZE,RIBT,BTTR,TTCF"
119,Beverages—Wineries & Distilleries,Consumer Defensive,88.62,27,6,2,47,"DEO,STZ,NAPA,WVVIP,WVVI,VWE,EAST"
120,Mortgage Finance,Financial Services,88.56,26,31,30,41,"OCN,UWMC,PFSI,ASPS,GHLD,IOR,COOP,HTGC,ESNT,MRCC,EFC,RKT,ECPG,VEL,LDI,WD,CNF,TREE,HMPT,IMH"
121,Medical Instruments & Supplies,Healthcare,88.48,25,24,32,17,"KRMD,HAE,MMSI,ISRG,OSUR,PLSE,HOLX,UTMD,AKYA,LMAT,BDX,BDXB,STVN,ALC,NVCR,COO,INFU,RMD,PDEX,TFX,ATRI,BLFS,RGEN,MASI,ATRC,NVST,GKOS,ISR,ICUI,WRBY,XRAY,POAI,STXS,DXR,MBOT,BAX,IRTC,WST,STAA,RVP,EKSO,HBIO,FEMY,NEPH,MLSS,OMIC,ANGO,NYXH,NSTG,NURO"
122,Apparel Manufacturing,Consumer Cyclical,88.42,25,14,10,22,"CPRI,OXM,COLM,RL,KTB,PVH,VNCE,UAA,UA,GOOS,LAKE,LEVI,GIL,JRSH,SGC,XELB,FIGS,HBI,VFC,EVK,DLA"
123,Uranium,Energy,88.28,24,91,87,48,"NXE,CCJ,LEU,UEC,URG,UUUU,DNN,UROY"
124,Leisure,Consumer Cyclical,88.18,24,10,27,23,"MANU,XPOF,JAKK,PLNT,OSW,BTN,JOUT,SEAS,GOLF,YETI,SPWH,LTH,BC,PTON,FUN,AOUT,POOL,FXLV,ESCA,SIX,MAT,VSTO,HAS,CUK,NLS,PLBY,FNKO,CLAR,BBIG,DS"
125,Software—Infrastructure,Technology,88.17,23,19,15,11,"NTNX,PAYA,KNBE,MFGP,ATEN,EVOP,BAND,BOX,OPRA,FOUR,DOX,WEX,YEXT,TUYA,CHKP,SPSC,VMW,DBX,ORCL,OSPN,VRSN,WIX,NTCT,GDDY,SNPS,TOST,NEWR,STEM,CSGS,STNE,BL,SUMO,FTNT,CYBR,LVOX,MSFT,EEFT,DTSS,TENB,SPLK,PANW,AVPT,BKI,SQSP,FFIV,SQ,DAVA,VRNT,QLYS,SWI,BASE,VHC,EVTC,VERI,BLIN,CFLT,OKTA,FIVN,NET,CLBT,RDWR,PLTR,MDB,MQ,STER,VRNS,TAOP,RPAY,ETWO,TIXT,BB,PATH,NVEI,CRWD,ZS,CETXP,ZUO,TCX,DOCN,KPLT,SCWX,EVCM,ZENV,PAGS,S,RXT,SFET,REKR,CETX,SOS,CGNT,CYRN,IRNT"
126,Agricultural Inputs,Basic Materials,87.91,22,69,88,78,"MGPI,AVD,FMC,UAN,SEED,CTVA,CF,MOS,NTR,BIOX,ICL,IPI,SMG,CGA,YTEN,RKDA,SVFD"
127,Information Technology Services,Technology,87.76,22,26,22,39,"SAIC,IT,IBM,EXLS,IIIV,LDOS,PRTH,CSPI,CDW,CACI,GIB,ISDR,NSIT,CD,NABL,HCKT,DMRC,IMXI,SNX,FISV,G,RSSS,WNS,JKHY,ACN,DLB,FLYW,INFY,EPAM,XRX,CNDT,TDC,DXC,USIO,SABRP,BR,RAMP,FLT,GLG,SABR,CNXC,PRFT,DNB,VNET,CTSH,CTG,III,NCR,WIT,FIS,CTLP,TASK,FORTY,GDS,GB,TTEC,AI,WYY,CLPS,INOD,ALYA,CLVT,GDYN,DTST,TWKS,QIWI,PAY,TLS,PSFE,AFRM,NXTP,UIS,CYXT,AVCT"
128,Other Industrial Metals & Mining,Basic Materials,87.67,21,33,33,24,"WRN,BHP,RIO,VALE,TECK,MTRN,CMP,UAMY,USAS,PLL,XPL,PLM,NEXA,LAC,EMX,MP,TGB,NMG,NAK,LGO,TMQ,FURY,SLI,GSM,WWR,CHNR,EXN,TMC"
129,"Furnishings, Fixtures & Appliances",Consumer Cyclical,87.49,20,23,20,32,"TPX,PRPL,VIRC,AMWD,HOFT,KEQU,BSET,WEBR,LEG,AUVIP,LZB,FBHS,WHR,TILE,MHK,KBAL,LCUT,FLXS,NTZ,SNBR,LOVE,NVFY,AUVI,EFOI"
130,Specialty Retail,Consumer Cyclical,87.39,20,22,26,16,"MNSO,BBW,YSG,ASO,GPC,MUSA,FIVE,ORLY,ODP,HIBB,DKS,ULTA,AZO,WINA,EYE,CTIB,TSCO,ELA,BBY,BBWI,TA,FLWS,KAR,RH,HZO,WSM,SBH,BGFV,LIVE,AAP,AAN,HNST,BARK,BQ,GME,KIRK,LE,CHPT,WOOF,TCS,BWMX,CONN,BLNK,SFIX,BNED,EVGO,REAL,JOAN,BBBY,KSPN,NVVE,PRTY,VLTA"
131,Pharmaceutical Retailers,Healthcare,87.25,19,3,0,0,"CJJD,YI,WBA,LFMDP,LFMD,PETS,HITI,SSY,RAD,BIMI,MEDS,GNLN"
132,Credit Services,Financial Services,87.25,19,19,22,34,"PMTS,FCFS,QFIN,ENVA,EZPW,NNI,MGI,NAVI,AGM,MA,JT,FINV,V,SLMBP,SLM,OCSL,DFS,SYF,ORCC,AXP,QD,ELVT,OMF,IX,XYF,BBDC,WU,MFIN,CACC,GSBD,ATLCP,PRAA,COF,YRD,SNFCA,LX,RM,CPSS,GDOT,NISN,ATLC,PYPL,AIHS,NICK,ALLY,OPRT,SOFI,FOA,LC,SNTG,LPRO,LU,CURO,WRLD,SUNL,LMFA,DXF,UPST,PT"
133,REIT—Residential,Real Estate,86.61,18,20,38,66,"BRT,MAA,ELS,SUI,UMH,IRT,INVH,UDR,EQR,CPT,AVB,ESS,NXRT"
134,Recreational Vehicles,Consumer Cyclical,86.56,17,7,27,13,"HOG,MPX,MCFT,PATK,DOOO,FOXF,THO,PII,WGO,MBUU,VMAR,CWH,ONEW,LCII,EZGO,VEEE,REE,HLBZ,FUV"
135,Broadcasting,Communication Services,85.65,17,16,43,26,"GSMG,SGA,NXST,UONEK,LSXMB,NWSA,NWS,EVC,SIRI,CSSEP,FWONK,LSXMK,LSXMA,FWONA,TGNA,UONE,SSP,FOX,FOXA,CMLS,SBGI,CSSE,BBGI,TV,IHRT,AMCX,GTN,MDIA,SJ,CURI,FUBO,SALM,AUD"
136,Healthcare Plans,Healthcare,85.12,16,25,66,63,"CI,HUM,MOH,UNH,CVS,ALHC,CNC,MPLN,CLOV,OSCR,BHG"
137,Pollution & Treatment Controls,Industrials,85.05,16,22,29,10,"FSS,AQUA,FTEK,ERII,CLWT,PCTTU,PCT,TOMZ,CLIR,LIQT,ADES"
138,Entertainment,Communication Services,84.68,15,13,18,21,"WWE,BATRK,BATRA,NFLX,WMG,MSGS,RDIB,MCS,IMAX,RSVR,LBRDP,CMCSA,LBTYA,RSVRW,HUYA,EDR,LBTYK,CNK,DIS,LBTYB,LYV,CIDM,DISH,RDI,GNUS,CHTR,HOFV,MSGE,LBRDA,LBRDK,LVO,WOW,ROKU,KUKE,DLPN,AMC"
139,Computer Hardware,Technology,84.58,14,21,24,8,"SMCI,MICT,ANET,TACT,LOGI,PSTG,CRSR,CAJ,DELL,KTCC,CRCT,HPQ,ALOT,NTAP,NNDM,WDC,DDD,OSS,STX,DAKT,CAN,SSYS,SCKT,QUBT,QMCO,IONQ,INVE,VJET,DM,VLD,EBON"
140,Biotechnology,Healthcare,84.0,14,16,19,1,"CABA,BIVI,BXRX,RYTM,IMVT,GLYC,RXDX,AKRO,AVEO,FDMT,MACK,IMRA,NUVL,AXSM,WVE,VRNA,PDSB,CPRX,ARDX,RVPH,SMMT,ETNB,PCVX,ADMA,UPC,AVTE,INBX,PRVB,PRTA,ACER,PSTX,MYOV,PBYI,VECT,FENC,TERN,IMCR,ATNM,ROIV,PRQR,PLRX,TNGX,OYST,REPL,RCKT,VRDN,BLUE,BCAB,MGNX,ISEE,KNSA,GERN,DYN,HALO,SRPT,KDNY,TRVI,KRTX,RAIN,CTIC,BTAI,MRSN,ONCY,ALLK,ARAV,IBRX,SCPH,CYCCP,CLDX,MNKD,MRNA,GMAB,CBAY,HRMY,UTHR,OPNT,DCPH,TGTX,VCYT,SAVA,BMRN,ALNY,IDYA,DAWN,PHAR,PRTC,COGT,LRMR,BCYC,SNDX,LVTX,FGEN,SEEL,KROS,NVO,QURE,FSTX,MNPR,NBIX,FOLD,VOR,LEGN,OCUP,BGNE,XENE,STRO,SPRO,VRTX,RVNC,RVMD,OMGA,RCUS,ALDX,CGTX,AGEN,KRYS,PMCB,SLN,INCY,NRXP,VKTX,RETA,BLU,AGIO,VYGR,CALT,BNTX,ARGX,ALT,LQDA,ASND,ORMP,NLSP,ANAB,REGN,ACRS,CARA,PLX,IPA,TBPH,SVRA,NTRBW,ABOS,SAGE,KYMR,CRMD,MCRB,JAZZ,ITCI,ETON,GLSI,ANNX,CNCE,IMGN,RPTX,PHAT,LGND,YMTX,FREQ,IGMS,ARCT,RPRX,ALKS,VIR,FBIOP,GMTX,APLS,VERA,IMTX,GRTS,XNCR,PTCT,IONS,DNLI,MNOV,ALBO,TTNP,ABUS,ESPR,XOMAO,NTRB,XOMAP,HCM,ABCL,ACXP,ICPT,GNFT,VERV,XOMA,ABIO,TECH,ALVR,RXRX,PNT,LXRX,AMAM,KURA,CERE,IFRX,ORGS,ALXO,CYTK,BCDA,SRRK,INMB,RNA,CLGN,ARQT,LTRN,ZYME,MESO,MBRX,ABCM,CGEM,BVXV,ZLAB,GRCL,CERT,TARS,BCRX,SGEN,CERS,RGNX,VCEL,CORT,IMMP,MORF,URGN,LCTX,MIRM,EXEL,INVA,MTNB,ZIVO,CAPR,INSM,ITOS,ACOR,GRTX,PTGX,BMEA,CTXR,ADPT,BBIO,LBPH,CDXC,EVAX,BEAM,SIGA,ARWR,ALEC,GBIO,EPIX,AVXL,AGE,ENLV,IMRN,RAPT,NRIX,AKBA,EWTX,VTVT,OPT,KZR,RARE,MOLN,IMNM,CDMO,INO,CRNX,CMRX,GRPH,SNGX,IPSC,RLAY,ENTA,DMAC,SIOX,RFL,MDGL,ICCC,TYRA,OVID,KMPH,VLON,CCCC,PGEN,VRCA,CANF,GLPG,ALZN,BCTX,SLGL,ACAD,GANX,EYEN,ANVS,CHRS,APTO,EVLO,CTMX,SESN,ONCT,ALPN,GNPX,CUE,THRX,TLSA,RANI,UNCY,ARVN,ACET,GTHX,ORIC,ASLN,ADAP,CYCN,PRLD,DBVT,RIGL,TARA,SELB,LMNL,INAB,GHRS,OTLK,ATAI,AMRN,ANEB,FUSN,KOD,NBTX,KTRA,FBRX,MDWD,ORTX,CRSP,NYMX,CDTX,ELDN,IPHA,TVTX,BPMC,DFFN,XTLB,PCSA,PRAX,SWTX,SNSE,MOR,ACIU,CLSD,GLTO,AVRO,PRTK,PULM,MREO,CRDF,SNPX,XERS,PMVP,MRKR,ANPC,EDIT,EVGN,SGMO,FIXX,DARE,BYSI,SLS,VCNX,CRVS,TCON,DBTX,ATRA,ALLO,VALN,ZNTL,VNDA,KPTI,STTK,CNTA,AVIR,ABVC,IVA,XFOR,DTIL,SANA,AEZS,XLO,GALT,RLYB,FWP,MTCR,NKTR,BLCM,PRTG,ADAG,FULC,MRNS,AUTL,NCNA,CMMB,OCGN,VERU,BOLT,TSHA,NAVB,CLLS,SEER,QSI,ASMB,FHTX,APVO,ARTL,NTLA,BLPH,XRTX,ALGS,RPHM,MGTX,PPBT,NNVC,FRLN,RGLS,PHVS,LIFE,MIST,ABSI,MRUS,ATHA,CGEN,IOVA,CNTB,SPRB,HRTX,NKTX,XBIT,LIXT,ARDS,NAUT,ABEO,IDRA,OCUL,ANGN,OLMA,INDP,CSBR,PASG,VACC,MRTX,MGTA,LYRA,GTBP,LPCN,MBIO,PIRS,TPST,CDXS,AYTU,OMER,GMDA,FATE,LYEL,SCPS,KNTE,IKNA,ATOS,ONTX,VIRX,BDTX,STOK,AKTX,LGVN,MRVI,NUVB,BLI,BCLI,AIKI,VBIV,NOVN,ADVM,CVAC,AMTI,FBIO,SYBX,NERV,DNA,APLT,PTIX,OGEN,SRNE,GRAY,CVM,PHIO,RZLT,IKT,MDNA,ATHE,IMPL,CYT,PSTV,AGLE,AUPH,SURF,DSGN,GLMD,COCP,ADCT,XBIO,ACHV,DYAI,HOOK,KRBP,EQ,CYAD,VRPX,SPPI,BCEL,OBSV,ERYP,AIM,ARMP,CADL,VINC,KALV,IMAB,MYMD,CRIS,CYBN,TNYA,CRBP,BPTH,UBX,PTE,CYCC,HEPA,MTEM,EDSA,AFMD,BLRX,GOVX,LUMO,INFI,ENOB,VYNE,PTN,LPTX,PYXS,YMAB,ACST,TENX,ACHL,ITRM,STAB,NVAX,APTX,KRON,HSTO,CASI,APRE,ALRN,AXLA,OCX,EFTR,BPTS,APM,SYRS,ENTX,SGTX,WINT,TCRR,HOWL,VXRT,NGM,NBRV,ADXN,HARP,CLNN,JAGX,VSTM,CKPT,MEIP,CLRB,MTP,PYPD,VBLT,SLNO,NVIV,JSPR,CALA,VTGN,QLGN,EYPT,CDAK,HGEN,ADIL,INZY,AYLA,NXTC,CWBR,CNSP,NEXI,HOTH,IMV,SQZ,SONN,ENVB,LABP,ONCR,GOSS,NBSE,ATXI,NBY,IMUX,ATNF,MNMD,FNCH,MIGI,XCUR,TRVN,TALS,BNTC,SLRX,TNXP,ATHX,ELOX,CFRX,KZIA,ADTX,PHGE,VYNT,EIGR,OTIC,KALA,TFFP,JNCE,STSA,RUBY,PALI,TMBR,NMTR,SRZN,INM,RLMD,PBLA,AMPE,ONCS,NRBO,ENSC,TIL,CLVS,IBIO,VIRI,TCDA,CBIO"
141,Consumer Electronics,Technology,83.06,13,16,11,11,"HBB,VOXX,AAPL,SONY,SONO,UEIC,IRBT,LPL,UTME,GPRO,VZIO,MSN,KOSS,VIOT,HEAR,VUZI,ATER"
142,Utilities—Renewable,Utilities,82.77,12,17,64,54,"ORA,NEP,CWEN,BEPC,AY,HTOO,RNW,BEP,CREG,ELLO,AZRE"
143,Softwareâ€”Application,Technology,82.7,12,17,12,4,"AGYS,ABST,APPF,ALIT,ADSK,ALKT,ANSS,ACVA,AMSWA,ALRM,APPS,AGMH,AGIL,AEYE,API,ASAN,AMST,ANY,APP"
144,Medical Devices,Healthcare,82.29,11,8,20,3,"TMDX,APEN,ZYXI,SGHT,NMTC,EDAP,ABMD,SILK,NVCN,TMDI,VMD,TMCI,PROF,INSP,PODD,VRAY,PEN,TELA,ESTA,GMED,ATEC,ANIK,BSX,PRCT,OM,AXGN,FONR,INMD,ZBH,CUTR,TCMD,SYK,RCEL,IART,BRKR,SWAV,AXNX,AHCO,AVNS,SRDX,SNN,QIPT,RXST,XTNT,ABT,ITGR,NVNO,NARI,STE,QTRX,CNMD,SPNE,CSII,LIVN,NUVA,VREX,PETV,XAIR,MDT,NNOX,BIO,KIDS,CLPT,ELMD,SMLR,RWLK,IINN,OFIX,DCTH,MDXG,IRMD,NMRD,NVRO,ARAY,EW,INGN,SIBN,DYNT,AFIB,LUCD,SSKN,IRIX,ASXC,SRTS,ALGN,MOVE,AZYO,ECOR,AVGR,NAOV,TNDM,MDGS,VAPO,BFLY,MASS,CTSO,RBOT,LNSR,BTCY,TLIS,AHPI,VIVE,PAVM,RMED,BSGM,DNAY,VERO,BWAY,SDC,EAR,THMO,OWLT,LUNG,CFMS,SRGA,ISO,IVC,INVO,RSLS,APYX,NPCE,AEMD,SIEN,HSDT,MYO,VVOS,SINT,BIOL,NUWE,BBLGW"
145,Textile Manufacturing,Consumer Cyclical,81.8,11,15,12,12,"AIN,CRWS,CULP,UFI,DXYN"
146,Medical Care Facilities,Healthcare,81.38,10,19,37,16,"SMTI,INNV,ADUS,ACHC,ENSG,EHC,UHS,AMS,HCA,OPCH,LHCG,CHE,AMN,USPH,SEM,OSH,RHE,NHC,HCSG,MODV,CYH,AGL,SGRY,JYNT,MD,DVA,CCM,CMPS,AIH,FMS,PNTG,THC,GBNH,AMEH,AMED,LFST,CCEL,ICCM,TALK,BKD,OTRK,AVAH,ATIP,CANO,NVOS,OTRKP"
147,Software—Application,Technology,81.23,9,9,7,4,"IBEX,BTRS,CALX,MODN,IMMR,ASUR,FICO,INTA,PWSC,YOU,BNFT,ZETA,SSTI,WFCF,PDFS,AZPN,YMM,VERX,PRGS,INST,PTC,CDAY,SAP,CVLT,KC,RDVT,BSY,SSNT,NATI,COUP,SMAR,FROG,WK,BLKB,DSGX,CDNS,ENV,WDAY,PCTY,EGAN,RSKD,MITK,PD,DT,PAYC,DCBO,SPT,NICE,DV,FRSH,MGIC,PLUS,PCOR,WKME,INTU,YALA,PCYG,MANH,UBER,PRO,EBIX,INTZ,CIH,KARO,IDBA,SHOP,SRAD,TSRI,JG,ESMT,TYL,MNDY,HUBS,JAMF,AYX,NTWK,NOW,MNDO,BMBL,SSNC,GWRE,OTEX,DOCU,GLOB,LPSN,MIXT,TTD,CREX,SPNS,EVBG,SNOW,MSTR,MNTV,CXM,BILL,AUUD,BSQR,DCT,DDOG,FSLY,EGHT,CRM,IDN,PEGA,VTEX,OMQS,PALT,ESTC,AWRE,RMNI,ONTF,BCOV,OTMO,ZM,LAZR,XM,CRNC,OPFI,ZI,NCNO,OLO,COMP,SEMR,RNG,U,SMSI,SEAC,LSPD,PUBM,BMTX,EB,MTLS,PAR,FTFT,UPLD,OLB,DSP,DOMO,TEAM,QTWO,NRDY,LYFT,RAAS,GVP,PRCH,KBNT,RCAT,RPD,SMRT,OCFT,OBLG,MRIN,ZDGE,MTTR,PHUN,RIOT,QUMU,BIGC,SNCR,DBD,COIN,MYSZ,DUOT,MOGO,BTBT,CLSK,IFBD,JFU,BLND,LTCH,OG,MTC,CUEN,MAPS,QH,VQS,VERB,AVYA,BRQS,INPX,PBTS,XELA"
148,Health Information Services,Healthcare,81.09,9,9,25,8,"SGFY,ONEM,PHR,STRM,HSTM,NXGN,MDRX,HQY,MTBCP,SHCR,PINC,TRHC,ZCMD,CPSI,VEEV,AGTI,EVH,PRVA,SLP,ACCD,PGNY,TXG,AMWL,OPRX,HCAT,SY,TDOC,MTBC,SDGR,WORX,GDRX,SOPH,ICAD,RCM,CMAX,FORA,OMCL,NH,HCTI,UPH,KERN,UTRS"
149,Advertising Agencies,Communication Services,81.08,8,11,9,6,"XNET,OMC,MGNI,IPG,BAOS,QNST,ISIG,EEX,WPP,CNET,CRTO,QUOT,ICLK,MCHX,DLX,TSQ,TRMR,CMPR,FLNT,DMS,CPOP,CCO,ADV,INUV,WIMI,SRAX,NCMI,TRKA"
150,Diagnostics & Research,Healthcare,79.54,8,8,12,2,"STIM,OLK,PACB,MEDP,DXCM,VIVO,A,ANIX,MTD,CELC,DGX,WAT,QGEN,IDXX,LNTH,STRRP,BMRA,MXCT,TMO,DHR,BNGO,IQV,RDNT,EXAS,NEO,PKI,NRC,TRIB,VNRX,LH,CSTL,CRL,AKU,BDSX,ICLR,ILMN,QDEL,ME,NTRA,CO,STRR,MYGN,PMD,GH,DRIO,SENS,GENE,BNR,APDN,HTGM,NEOG,RNLX,GTH,PHG,ONVO,FLGT,HSKA,TWST,NDRA,SERA,PSNL,CODX,NVTA,CDNA,PRPO,SYNH,SHC,CEMI,OPK,AWH,BIOC,ENZ,XGN,AXDX,CNTG,CHEK,DMTK,BVS,OPGN,MOTS,NOTV,TTOO,LHDX,QTNT"
151,Real Estate—Diversified,Real Estate,79.42,7,5,16,27,"HHC,NEN,CHCI,JOE,STRS,TPHS,VINO"
152,Internet Content & Information,Communication Services,79.28,6,14,6,6,"TME,MOMO,LTRPB,CANG,PERI,EVER,KRKR,TRUE,PINS,YY,GENI,IQ,ATHM,MAX,Z,ZG,JFIN,BIDU,SOHU,DOYU,WB,ZH,YELP,DAO,NTES,GOOGL,GOOG,TRVG,DASH,SSTK,FVRR,ABNB,LZ,ATY,LIZI,QTT,THRY,LKCO,SPOT,IZEA,SMWB,CARG,TTGT,IAC,MTCH,GAIA,SNAP,FENG,SCOR,LTRPA,GRPN,CMCM,TWLO,ANGI,LOV,UXIN,MARK,TC,CDLX,YNDX,GROM"
153,REIT—Office,Real Estate,78.69,6,12,19,42,"GNL,OFC,EQC,PSTL,HIW,CUZ,JBGS,PGRE,DLR,DEA,OPI,VNO,KRC,FSP,BXP,CMCT,CIO,PDM,SLG,DEI,BDN,HPP,NYC"
154,Drug Manufacturers—Specialty & Generic,Healthcare,78.32,5,6,4,18,"PTPI,ASRT,AVDL,HROW,COLL,SXTC,PRPH,SUPN,TEVA,VTRS,TAK,IRWD,RDY,JUPW,DVAX,YCBD,CRON,HUGE,HAPP,ZTS,TLRY,LCI,KMDA,PRGO,CPIX,EGRX,OGI,PAHC,PETQ,INCR,TARO,EOLS,BHC,CYTH,PROC,GHSI,PCRX,SNDL,ZOM,CGC,QLI,OPTN,ELAN,SCYX,PRFX,TXMD,DRRX,XXII,HEXO,ORGO,SLDB,RMTI,CPHI,EVOK,CTLT,SNOA,ZYNE,THTX,EBS,CLVR,NLTX,MDVL,ATNX,FLGC,RDHL,IMCC,PLXP,NEPT"
155,Electronic Gaming & Multimedia,Communication Services,77.75,4,4,1,3,"GAME,SCPL,INSE,BILI,ATVI,RNWK,EA,AVID,MYPS,NGMS,BRAG,RBLX,SE,TTWO,GDEV,GRVY,GIGM,PLTK,SKLZ,NCTY,YVR,BHAT,MSGM,SLGG,EGLX,VS"
156,Real Estate Services,Real Estate,77.12,4,4,14,17,"CSGP,TCI,MAYS,RMR,FRPH,CBRE,FSV,MLP,MDJH,KW,BEKE,JLL,MMI,RMAX,AXR,BPYPO,EXPI,BPYPP,CIGI,CSR,CWK,GYRO,FTHM,NMRK,REAX,GBR,RDFN,LEJU,DUO,DOMA,LODE,OPEN,OPAD,UK"
157,Softwareâ€”Infrastructure,Technology,74.61,3,11,3,9,"AKAM,ADBE,ALTR,ACIW,APPN,ARQQ,ALLT,ARBE"
158,Internet Retail,Consumer Cyclical,73.15,3,2,5,1,"PDD,VIPS,POSH,ETSY,LITB,CHWY,DADA,MOGU,CPNG,JD,MELI,BABA,EBAY,QRTEB,YJ,PRTS,RERE,RVLV,LQDT,GLBE,ID,DIBS,NHTC,AMZN,BZUN,W,OSTK,QRTEP,HEPS,AKA,SECO,QRTEA,TDUP,JMIA,WISH,NEGG,FTCH,TKAT,IPW,OCG,IMBI,OZON,SFT,JWEL,APRN,CVNA"
159,Gambling,Consumer Cyclical,71.85,2,3,4,5,"IGT,CPHC,CHDN,GAMB,EVRI,AGS,DKNG,ACEL,RSI,GAN,GMBL,SBET,ELYS,EBET"
160,Real Estate—Development,Real Estate,69.64,1,0,1,28,"FOR,INDT,LSEA,XIN,HCDIP,FPH,HCDI"
161,Drug Manufacturersâ€”Specialty & Generic,Healthcare,67.79,1,1,16,0,"ANIP,AMPH,AMYT,AMRX,AQST,ACB,ALIM,ACRX,ADMP,AGRX"
162,Auto Manufacturers,Consumer Cyclical,67.38,0,1,8,7,"RACE,STLA,GM,HMC,TM,F,TTM,NIU,LI,BLBD,PTRA,FSR,RIDE,NIO,TSLA,HYZN,WKHS,SOLO,GP,AYRO,XPEV,VLCN,GOEV,NKLA,ARVL"
163,Utilitiesâ€”Renewable,Utilities,51.53,0,0,71,35,"AQN,ADN"
